﻿{
   "CodeGenerationMode": 2,
   "ContextClassName": "GrievancesContext",
   "ContextNamespace": "GrievanceDbContext",
   "DefaultDacpacSchema": null,
   "FilterSchemas": false,
   "IncludeConnectionString": false,
   "ModelNamespace": "GrievanceContext",
   "OutputContextPath": "GrievanceContext",
   "OutputPath": "GrievanceContext",
   "ProjectRootNamespace": "GrievanceData",
   "Schemas": null,
   "SelectedHandlebarsLanguage": 0,
   "SelectedToBeGenerated": 0,
   "Tables": [
      {
         "Name": "[dbo].[tblErrorLog]",
         "ObjectType": 0
      },
      {
         "Name": "[setup].[tblCustomer]",
         "ObjectType": 0
      },
      {
         "Name": "[setup].[tblUsers]",
         "ObjectType": 0
      },
      {
         "Name": "[setup].[tblUsers_ChangeLog]",
         "ObjectType": 0
      },
      {
         "Name": "[dbo].[usp_LogError]",
         "ObjectType": 1
      }
   ],
   "UiHint": "628573-DBVM5.Grievances",
   "UseBoolPropertiesWithoutDefaultSql": false,
   "UseDatabaseNames": false,
   "UseDbContextSplitting": false,
   "UseFluentApiOnly": true,
   "UseHandleBars": false,
   "UseHierarchyId": false,
   "UseInflector": false,
   "UseLegacyPluralizer": false,
   "UseManyToManyEntity": false,
   "UseNoConstructor": false,
   "UseNoDefaultConstructor": false,
   "UseNoNavigations": false,
   "UseNoObjectFilter": false,
   "UseNodaTime": false,
   "UseNullableReferences": false,
   "UseSchemaFolders": false,
   "UseSpatial": false
}