﻿{
   "CodeGenerationMode": 2,
   "ContextClassName": "GrievancesContext",
   "ContextNamespace": "GrievanceDbContext",
   "DefaultDacpacSchema": null,
   "FilterSchemas": false,
   "IncludeConnectionString": false,
   "ModelNamespace": "GrievanceContext",
   "OutputContextPath": "GrievanceContext",
   "OutputPath": "GrievanceContext",
   "PreserveCasingWithRegex": true,
   "ProjectRootNamespace": "GrievanceData",
   "Schemas": null,
   "SelectedHandlebarsLanguage": 0,
   "SelectedToBeGenerated": 0,
   "Tables": [
      {
         "Name": "[case].[tblCase_MemberRepresentativeDetail]",
         "ObjectType": 0
      },
      {
         "Name": "[case].[tblCaseDetail]",
         "ObjectType": 0
      },
      {
         "Name": "[case].[tblCaseStatus]",
         "ObjectType": 0
      },
      {
         "Name": "[case].[tblCategory]",
         "ObjectType": 0
      },
      {
         "Name": "[dbo].[Eligibility_Base]",
         "ObjectType": 0
      },
      {
         "Name": "[dbo].[tblCase]",
         "ObjectType": 0
      },
      {
         "Name": "[dbo].[tblCase_Eligible]",
         "ObjectType": 0
      },
      {
         "Name": "[dbo].[tblCase_Eligible_Addr]",
         "ObjectType": 0
      },
      {
         "Name": "[dbo].[tblCase_Eligible_AppRep]",
         "ObjectType": 0
      },
      {
         "Name": "[dbo].[tblCase_Eligible_Details]",
         "ObjectType": 0
      },
      {
         "Name": "[dbo].[tblCase_Event_NotRequired]",
         "ObjectType": 0
      },
      {
         "Name": "[dbo].[tblErrorLog]",
         "ObjectType": 0
      },
      {
         "Name": "[dbo].[tblMemberEligibilityCustomer]",
         "ObjectType": 0
      },
      {
         "Name": "[dbo].[tblServiceAgent]",
         "ObjectType": 0
      },
      {
         "Name": "[dbo].[tblServiceAgentDetails]",
         "ObjectType": 0
      },
      {
         "Name": "[setup].[tblCustomer]",
         "ObjectType": 0
      },
      {
         "Name": "[setup].[tblCustomer_ChangeLog]",
         "ObjectType": 0
      },
      {
         "Name": "[setup].[TblPasswordReset]",
         "ObjectType": 0
      },
      {
         "Name": "[setup].[TblPasswordReset_ChangeLog]",
         "ObjectType": 0
      },
      {
         "Name": "[setup].[tblPrivileges]",
         "ObjectType": 0
      },
      {
         "Name": "[setup].[tblPrivileges_ChangeLog]",
         "ObjectType": 0
      },
      {
         "Name": "[setup].[tblRole_Privileges]",
         "ObjectType": 0
      },
      {
         "Name": "[setup].[tblRole_Privileges_ChangeLog]",
         "ObjectType": 0
      },
      {
         "Name": "[setup].[tblRoles]",
         "ObjectType": 0
      },
      {
         "Name": "[setup].[tblRoles_ChangeLog]",
         "ObjectType": 0
      },
      {
         "Name": "[setup].[tblSecuritySettings]",
         "ObjectType": 0
      },
      {
         "Name": "[setup].[tblSecuritySettings_ChangeLog]",
         "ObjectType": 0
      },
      {
         "Name": "[setup].[tblUser_Privileges]",
         "ObjectType": 0
      },
      {
         "Name": "[setup].[tblUser_Privileges_ChangeLog]",
         "ObjectType": 0
      },
      {
         "Name": "[setup].[tblUsers]",
         "ObjectType": 0
      },
      {
         "Name": "[setup].[tblUsers_ChangeLog]",
         "ObjectType": 0
      },
      {
         "Name": "[case].[usp_CreateGrievancesCase]",
         "ObjectType": 1
      },
      {
         "Name": "[dbo].[usp_CreateGrievancesUser]",
         "ObjectType": 1
      },
      {
         "Name": "[dbo].[usp_CreatePasswordResetDetails]",
         "ObjectType": 1
      },
      {
         "Name": "[dbo].[usp_Get_Active_Users]",
         "ObjectType": 1
      },
      {
         "Name": "[dbo].[usp_Get_User_Details]",
         "ObjectType": 1
      },
      {
         "Name": "[dbo].[usp_GetMemberEligibilityByCustomerId]",
         "ObjectType": 1
      },
      {
         "Name": "[dbo].[usp_GetUserByEmailId]",
         "ObjectType": 1
      },
      {
         "Name": "[dbo].[usp_GrievancesMemberEligibility]",
         "ObjectType": 1
      },
      {
         "Name": "[dbo].[usp_IsPwdExpired]",
         "ObjectType": 1
      },
      {
         "Name": "[dbo].[usp_LogError]",
         "ObjectType": 1
      },
      {
         "Name": "[dbo].[usp_ResetPassword-sri]",
         "ObjectType": 1
      },
      {
         "Name": "[dbo].[usp_ResetPassword]",
         "ObjectType": 1
      },
      {
         "Name": "[dbo].[usp_UpdateGrievancesUser]",
         "ObjectType": 1
      },
      {
         "Name": "[setup].[usp_GetAllRolesByCustomerId]",
         "ObjectType": 1
      }
   ],
   "UiHint": "1233712-Dev2019.Grievances",
   "UseBoolPropertiesWithoutDefaultSql": false,
   "UseDatabaseNames": false,
   "UseDbContextSplitting": false,
   "UseFluentApiOnly": true,
   "UseHandleBars": false,
   "UseHierarchyId": false,
   "UseInflector": false,
   "UseLegacyPluralizer": false,
   "UseManyToManyEntity": false,
   "UseNoConstructor": false,
   "UseNoDefaultConstructor": false,
   "UseNoNavigations": false,
   "UseNoObjectFilter": false,
   "UseNodaTime": false,
   "UseNullableReferences": false,
   "UseSchemaFolders": false,
   "UseSpatial": false,
   "UseT4": false
}